{
  "center": [
    0.19444444444444445,
    0.17777777777777784
  ],
  "mass": 10.0,
  "shape": "Rectangle",
  "velocity": [
    0.0,
    0.0
  ],
  "vertices": [
    [
      0.15,
      0.1
    ],
    [
      0.15,
      0.3
    ],
    [
      0.25,
      0.2
    ],
    [
      0.25,
      0.1
    ]
  ]
}
{
  "center": [
    0.4,
    0.15
  ],
  "mass": 10.0,
  "shape": "Rectangle",
  "velocity": [
    -0.0001,
    0.0
  ],
  "vertices": [
    [
      0.35,
      0.1
    ],
    [
      0.35,
      0.2
    ],
    [
      0.45,
      0.2
    ],
    [
      0.45,
      0.1
    ]
  ]
}
